route,accuracy,avg_cost,revise_rate
reasoning_greedy,0.4696969696969697,1.0,0.0
direct_plus_revise,0.41919191919191917,2.0,1.0
adaptive_policy_v5,0.41919191919191917,1.9141414141414141,0.9141414141414141
adaptive_policy_v6,0.45454545454545453,1.0909090909090908,0.09090909090909091
adaptive_policy_v7,0.45454545454545453,1.207070707070707,0.20707070707070707
confidence_threshold,0.4696969696969697,1.0,0.0
oracle,0.5505050505050505,1.0808080808080809,0.08080808080808081
