threshold,accuracy,avg_cost,revise_rate,n
0.0,0.13333333333333333,1.0,0.0,30
0.05,0.13333333333333333,1.0,0.0,30
0.1,0.13333333333333333,1.0,0.0,30
0.15,0.13333333333333333,1.0,0.0,30
0.2,0.13333333333333333,1.0,0.0,30
0.25,0.13333333333333333,1.0333333333333334,0.03333333333333333,30
0.3,0.13333333333333333,1.3666666666666667,0.36666666666666664,30
0.35,0.13333333333333333,1.3666666666666667,0.36666666666666664,30
0.4,0.13333333333333333,1.4,0.4,30
0.45,0.13333333333333333,1.4333333333333333,0.43333333333333335,30
0.5,0.13333333333333333,1.4333333333333333,0.43333333333333335,30
0.55,0.13333333333333333,1.4666666666666668,0.4666666666666667,30
0.6,0.13333333333333333,1.5666666666666667,0.5666666666666667,30
0.65,0.06666666666666667,1.8,0.8,30
0.7,0.06666666666666667,2.0,1.0,30
0.75,0.06666666666666667,2.0,1.0,30
0.8,0.06666666666666667,2.0,1.0,30
0.85,0.06666666666666667,2.0,1.0,30
0.9,0.06666666666666667,2.0,1.0,30
0.95,0.06666666666666667,2.0,1.0,30
1.0,0.06666666666666667,2.0,1.0,30
