model,accuracy,precision,recall,f1,false_positive_rate
decision_tree,0.94,0.5,0.3333333333333333,0.4,0.02127659574468085
bagging_trees,0.92,0.0,0.0,0.0,0.02127659574468085
boosting_shallow_trees,0.94,0.5,0.16666666666666666,0.25,0.010638297872340425
