model,accuracy,precision,recall,f1,false_positive_rate
decision_tree,0.9,0.6,0.5,0.5454545454545454,0.045454545454545456
bagging_trees,0.92,0.6428571428571429,0.75,0.6923076923076924,0.056818181818181816
boosting_shallow_trees,0.92,0.75,0.5,0.6,0.022727272727272728
