model,accuracy,precision,recall,f1,false_positive_rate
decision_tree,0.92,0.5714285714285714,0.4444444444444444,0.5,0.03296703296703297
bagging_trees,0.94,0.8,0.4444444444444444,0.5714285714285714,0.01098901098901099
boosting_shallow_trees,0.93,0.75,0.3333333333333333,0.46153846153846156,0.01098901098901099
